-- phpMyAdmin SQL Dump
-- version 5.2.0
-- https://www.phpmyadmin.net/
--
-- Host: 127.0.0.1
-- Generation Time: Feb 01, 2023 at 03:35 AM
-- Server version: 10.4.14-MariaDB
-- PHP Version: 8.2.0

SET SQL_MODE = "NO_AUTO_VALUE_ON_ZERO";
START TRANSACTION;
SET time_zone = "+00:00";


/*!40101 SET @OLD_CHARACTER_SET_CLIENT=@@CHARACTER_SET_CLIENT */;
/*!40101 SET @OLD_CHARACTER_SET_RESULTS=@@CHARACTER_SET_RESULTS */;
/*!40101 SET @OLD_COLLATION_CONNECTION=@@COLLATION_CONNECTION */;
/*!40101 SET NAMES utf8mb4 */;

--
-- Database: `fp_1311`
--

-- --------------------------------------------------------

--
-- Table structure for table `tbl_admin`
--

CREATE TABLE `tbl_admin` (
  `idAdmin` int(2) NOT NULL,
  `userName` varchar(100) NOT NULL,
  `password` varchar(100) NOT NULL
) ENGINE=InnoDB DEFAULT CHARSET=utf8mb4;

--
-- Dumping data for table `tbl_admin`
--

INSERT INTO `tbl_admin` (`idAdmin`, `userName`, `password`) VALUES
(1, 'Adam', '1212');

-- --------------------------------------------------------

--
-- Table structure for table `tbl_biaya_kirim`
--

CREATE TABLE `tbl_biaya_kirim` (
  `idBiayaKirim` int(5) NOT NULL,
  `idKurir` int(3) NOT NULL,
  `idKotaAsal` int(4) NOT NULL,
  `idKotaTujuan` int(4) NOT NULL,
  `biaya` int(5) NOT NULL
) ENGINE=InnoDB DEFAULT CHARSET=utf8mb4;

--
-- Dumping data for table `tbl_biaya_kirim`
--

INSERT INTO `tbl_biaya_kirim` (`idBiayaKirim`, `idKurir`, `idKotaAsal`, `idKotaTujuan`, `biaya`) VALUES
(10, 1, 1, 1, 250009);

-- --------------------------------------------------------

--
-- Table structure for table `tbl_detail_order`
--

CREATE TABLE `tbl_detail_order` (
  `idDetailOrder` int(10) NOT NULL,
  `idOrder` int(5) NOT NULL,
  `idProduk` int(5) NOT NULL,
  `jumlah` int(5) NOT NULL,
  `harga` int(10) NOT NULL
) ENGINE=InnoDB DEFAULT CHARSET=utf8mb4;

-- --------------------------------------------------------

--
-- Table structure for table `tbl_kategori`
--

CREATE TABLE `tbl_kategori` (
  `idKat` int(5) NOT NULL,
  `namaKat` varchar(30) NOT NULL
) ENGINE=InnoDB DEFAULT CHARSET=utf8mb4;

--
-- Dumping data for table `tbl_kategori`
--

INSERT INTO `tbl_kategori` (`idKat`, `namaKat`) VALUES
(1, 'Baju'),
(3, 'Sarung'),
(4, 'Jaket'),
(36, 'lesreting');

-- --------------------------------------------------------

--
-- Table structure for table `tbl_keranjang`
--

CREATE TABLE `tbl_keranjang` (
  `idKeranjang` int(5) NOT NULL,
  `idKategori` int(5) NOT NULL,
  `namaPembeli` varchar(35) NOT NULL,
  `jumlahBarang` int(50) NOT NULL,
  `totalHarga` int(50) NOT NULL
) ENGINE=InnoDB DEFAULT CHARSET=utf8mb4;

--
-- Dumping data for table `tbl_keranjang`
--

INSERT INTO `tbl_keranjang` (`idKeranjang`, `idKategori`, `namaPembeli`, `jumlahBarang`, `totalHarga`) VALUES
(1, 1, 'Muhammad Dicky', 3, 5000);

-- --------------------------------------------------------

--
-- Table structure for table `tbl_konfirmasi`
--

CREATE TABLE `tbl_konfirmasi` (
  `idKonfirmasi` int(5) NOT NULL,
  `idOrder` int(5) NOT NULL,
  `buktiTransfer` varchar(100) NOT NULL,
  `validasi` enum('Y','N') NOT NULL
) ENGINE=InnoDB DEFAULT CHARSET=utf8mb4;

-- --------------------------------------------------------

--
-- Table structure for table `tbl_kota`
--

CREATE TABLE `tbl_kota` (
  `idKota` int(4) NOT NULL,
  `namaKota` varchar(100) NOT NULL
) ENGINE=InnoDB DEFAULT CHARSET=utf8mb4;

--
-- Dumping data for table `tbl_kota`
--

INSERT INTO `tbl_kota` (`idKota`, `namaKota`) VALUES
(1, 'Tangerang'),
(4, 'Jogjakarta');

-- --------------------------------------------------------

--
-- Table structure for table `tbl_kurir`
--

CREATE TABLE `tbl_kurir` (
  `idKurir` int(2) NOT NULL,
  `namaKurir` varchar(100) NOT NULL
) ENGINE=InnoDB DEFAULT CHARSET=utf8mb4;

--
-- Dumping data for table `tbl_kurir`
--

INSERT INTO `tbl_kurir` (`idKurir`, `namaKurir`) VALUES
(1, 'POS'),
(3, 'JNE');

-- --------------------------------------------------------

--
-- Table structure for table `tbl_member`
--

CREATE TABLE `tbl_member` (
  `idKonsumen` int(5) NOT NULL,
  `username` varchar(100) NOT NULL,
  `password` varchar(100) NOT NULL,
  `namaKonsumen` varchar(50) NOT NULL,
  `alamat` varchar(200) NOT NULL,
  `idKota` int(4) NOT NULL,
  `email` varchar(100) NOT NULL,
  `tlpn` int(20) NOT NULL,
  `statusAktif` enum('Y','N') NOT NULL
) ENGINE=InnoDB DEFAULT CHARSET=utf8mb4;

--
-- Dumping data for table `tbl_member`
--

INSERT INTO `tbl_member` (`idKonsumen`, `username`, `password`, `namaKonsumen`, `alamat`, `idKota`, `email`, `tlpn`, `statusAktif`) VALUES
(1, 'Dicky', '123', 'Muhammad Dicky', 'Jl Bukit Tiara', 1, 'muhammad.1330@students.amikom.ac.id', 812, 'Y'),
(4, 'Dicky', '123456', 'Muhammad Dicky', 'jogja', 4, 'Dicky.1330@gmail.com', 123, 'Y'),
(5, 'test', '55555', 'Muhammad Dicky', 'Perum Bukit Tiara Blok G3/17', 1, 'Dicky1330@gmail.com', 555, 'Y');

-- --------------------------------------------------------

--
-- Table structure for table `tbl_order`
--

CREATE TABLE `tbl_order` (
  `idOrder` int(5) NOT NULL,
  `idKonsumen` int(5) NOT NULL,
  `tglOrder` date NOT NULL,
  `statusOrder` enum('Belum Bayar','Dikemas','Dikirim','Diterima','Selesai','Dibatalkan') NOT NULL
) ENGINE=InnoDB DEFAULT CHARSET=utf8mb4;

-- --------------------------------------------------------

--
-- Table structure for table `tbl_produk`
--

CREATE TABLE `tbl_produk` (
  `idProduk` int(5) NOT NULL,
  `idKat` int(5) NOT NULL,
  `idToko` int(5) NOT NULL,
  `namaProduk` varchar(50) NOT NULL,
  `foto` varchar(100) NOT NULL,
  `harga` int(10) NOT NULL,
  `stok` int(5) NOT NULL,
  `berat` int(5) NOT NULL,
  `deskripsiProduk` text NOT NULL
) ENGINE=InnoDB DEFAULT CHARSET=utf8mb4;

--
-- Dumping data for table `tbl_produk`
--

INSERT INTO `tbl_produk` (`idProduk`, `idKat`, `idToko`, `namaProduk`, `foto`, `harga`, `stok`, `berat`, `deskripsiProduk`) VALUES
(1, 1, 2, 'Baju', 'logo3.png', 3000, 2, 3, 'Testing'),
(2, 4, 2, 'Topi Saya Bundar', 'Group_15.png', 800000, 13, 3, 'Mantap Bos Que'),
(3, 3, 2, 'Wadimor', 'logo_toko.jpg', 3200, 13, 3, 'Gajah');

-- --------------------------------------------------------

--
-- Table structure for table `tbl_saldo`
--

CREATE TABLE `tbl_saldo` (
  `idSaldo` int(5) NOT NULL,
  `idToko` int(5) NOT NULL,
  `jumlah` int(10) NOT NULL,
  `tanggal` datetime NOT NULL
) ENGINE=InnoDB DEFAULT CHARSET=utf8mb4;

-- --------------------------------------------------------

--
-- Table structure for table `tbl_saran`
--

CREATE TABLE `tbl_saran` (
  `id` int(11) NOT NULL,
  `penilaian` varchar(200) NOT NULL,
  `keterangan` varchar(200) NOT NULL,
  `rw` enum('Y','N') NOT NULL
) ENGINE=InnoDB DEFAULT CHARSET=utf8mb4;

--
-- Dumping data for table `tbl_saran`
--

INSERT INTO `tbl_saran` (`id`, `penilaian`, `keterangan`, `rw`) VALUES
(1, 'penilaian', 'Bagus', ''),
(2, 'penilaian', 'Asli', '');

-- --------------------------------------------------------

--
-- Table structure for table `tbl_toko`
--

CREATE TABLE `tbl_toko` (
  `idToko` int(5) NOT NULL,
  `idKonsumen` int(5) NOT NULL,
  `namaToko` varchar(100) NOT NULL,
  `logo` varchar(100) NOT NULL,
  `deskripsi` text NOT NULL,
  `StatusAktif` enum('Y','N') NOT NULL
) ENGINE=InnoDB DEFAULT CHARSET=utf8mb4;

--
-- Dumping data for table `tbl_toko`
--

INSERT INTO `tbl_toko` (`idToko`, `idKonsumen`, `namaToko`, `logo`, `deskripsi`, `StatusAktif`) VALUES
(2, 1, 'Toko Pertama', 'logo_toko3.jpg', 'Testing', 'Y'),
(3, 5, 'Toko Pertama ', 'logo_toko4.jpg', 'Testing di akun ke 2', 'Y'),
(4, 1, 'Toko Kedua', 'logo_toko5.jpg', 'Testing', 'Y'),
(5, 4, 'Toko Ketiga', 'logo_toko6.jpg', 'Toko Ketiga', 'Y'),
(6, 4, 'hgh', 'ghg', 'ghgh', 'Y'),
(8, 1, 'hgh', 'ghg', 'ghgh', 'Y'),
(9, 1, 'jaya abadi', '3e6fbdd0d675ee194d0af20221c8c24a.jpg', 'dffd', 'Y');

--
-- Indexes for dumped tables
--

--
-- Indexes for table `tbl_admin`
--
ALTER TABLE `tbl_admin`
  ADD PRIMARY KEY (`idAdmin`);

--
-- Indexes for table `tbl_biaya_kirim`
--
ALTER TABLE `tbl_biaya_kirim`
  ADD PRIMARY KEY (`idBiayaKirim`),
  ADD KEY `idKotaAsal` (`idKotaAsal`),
  ADD KEY `idKotaTujuan` (`idKotaTujuan`),
  ADD KEY `idKurir` (`idKurir`);

--
-- Indexes for table `tbl_detail_order`
--
ALTER TABLE `tbl_detail_order`
  ADD PRIMARY KEY (`idDetailOrder`),
  ADD KEY `idProduk` (`idProduk`),
  ADD KEY `idOrder` (`idOrder`);

--
-- Indexes for table `tbl_kategori`
--
ALTER TABLE `tbl_kategori`
  ADD PRIMARY KEY (`idKat`);

--
-- Indexes for table `tbl_keranjang`
--
ALTER TABLE `tbl_keranjang`
  ADD PRIMARY KEY (`idKeranjang`);

--
-- Indexes for table `tbl_konfirmasi`
--
ALTER TABLE `tbl_konfirmasi`
  ADD KEY `idOrder` (`idOrder`);

--
-- Indexes for table `tbl_kota`
--
ALTER TABLE `tbl_kota`
  ADD PRIMARY KEY (`idKota`);

--
-- Indexes for table `tbl_kurir`
--
ALTER TABLE `tbl_kurir`
  ADD PRIMARY KEY (`idKurir`);

--
-- Indexes for table `tbl_member`
--
ALTER TABLE `tbl_member`
  ADD PRIMARY KEY (`idKonsumen`),
  ADD KEY `idKota` (`idKota`);

--
-- Indexes for table `tbl_order`
--
ALTER TABLE `tbl_order`
  ADD PRIMARY KEY (`idOrder`),
  ADD KEY `idKonsumen` (`idKonsumen`);

--
-- Indexes for table `tbl_produk`
--
ALTER TABLE `tbl_produk`
  ADD PRIMARY KEY (`idProduk`),
  ADD KEY `idToko` (`idToko`),
  ADD KEY `idKat` (`idKat`);

--
-- Indexes for table `tbl_saldo`
--
ALTER TABLE `tbl_saldo`
  ADD PRIMARY KEY (`idSaldo`),
  ADD KEY `idToko` (`idToko`);

--
-- Indexes for table `tbl_saran`
--
ALTER TABLE `tbl_saran`
  ADD PRIMARY KEY (`id`);

--
-- Indexes for table `tbl_toko`
--
ALTER TABLE `tbl_toko`
  ADD PRIMARY KEY (`idToko`),
  ADD KEY `idKonsumen` (`idKonsumen`);

--
-- AUTO_INCREMENT for dumped tables
--

--
-- AUTO_INCREMENT for table `tbl_admin`
--
ALTER TABLE `tbl_admin`
  MODIFY `idAdmin` int(2) NOT NULL AUTO_INCREMENT, AUTO_INCREMENT=6;

--
-- AUTO_INCREMENT for table `tbl_biaya_kirim`
--
ALTER TABLE `tbl_biaya_kirim`
  MODIFY `idBiayaKirim` int(5) NOT NULL AUTO_INCREMENT, AUTO_INCREMENT=11;

--
-- AUTO_INCREMENT for table `tbl_detail_order`
--
ALTER TABLE `tbl_detail_order`
  MODIFY `idDetailOrder` int(10) NOT NULL AUTO_INCREMENT;

--
-- AUTO_INCREMENT for table `tbl_kategori`
--
ALTER TABLE `tbl_kategori`
  MODIFY `idKat` int(5) NOT NULL AUTO_INCREMENT, AUTO_INCREMENT=37;

--
-- AUTO_INCREMENT for table `tbl_keranjang`
--
ALTER TABLE `tbl_keranjang`
  MODIFY `idKeranjang` int(5) NOT NULL AUTO_INCREMENT, AUTO_INCREMENT=2;

--
-- AUTO_INCREMENT for table `tbl_kota`
--
ALTER TABLE `tbl_kota`
  MODIFY `idKota` int(4) NOT NULL AUTO_INCREMENT, AUTO_INCREMENT=5;

--
-- AUTO_INCREMENT for table `tbl_kurir`
--
ALTER TABLE `tbl_kurir`
  MODIFY `idKurir` int(2) NOT NULL AUTO_INCREMENT, AUTO_INCREMENT=10;

--
-- AUTO_INCREMENT for table `tbl_member`
--
ALTER TABLE `tbl_member`
  MODIFY `idKonsumen` int(5) NOT NULL AUTO_INCREMENT, AUTO_INCREMENT=11;

--
-- AUTO_INCREMENT for table `tbl_order`
--
ALTER TABLE `tbl_order`
  MODIFY `idOrder` int(5) NOT NULL AUTO_INCREMENT;

--
-- AUTO_INCREMENT for table `tbl_produk`
--
ALTER TABLE `tbl_produk`
  MODIFY `idProduk` int(5) NOT NULL AUTO_INCREMENT, AUTO_INCREMENT=7;

--
-- AUTO_INCREMENT for table `tbl_saldo`
--
ALTER TABLE `tbl_saldo`
  MODIFY `idSaldo` int(5) NOT NULL AUTO_INCREMENT;

--
-- AUTO_INCREMENT for table `tbl_saran`
--
ALTER TABLE `tbl_saran`
  MODIFY `id` int(11) NOT NULL AUTO_INCREMENT, AUTO_INCREMENT=3;

--
-- AUTO_INCREMENT for table `tbl_toko`
--
ALTER TABLE `tbl_toko`
  MODIFY `idToko` int(5) NOT NULL AUTO_INCREMENT, AUTO_INCREMENT=10;

--
-- Constraints for dumped tables
--

--
-- Constraints for table `tbl_biaya_kirim`
--
ALTER TABLE `tbl_biaya_kirim`
  ADD CONSTRAINT `tbl_biaya_kirim_ibfk_1` FOREIGN KEY (`idKotaAsal`) REFERENCES `tbl_kota` (`idKota`),
  ADD CONSTRAINT `tbl_biaya_kirim_ibfk_2` FOREIGN KEY (`idKotaTujuan`) REFERENCES `tbl_kota` (`idKota`),
  ADD CONSTRAINT `tbl_biaya_kirim_ibfk_3` FOREIGN KEY (`idKurir`) REFERENCES `tbl_kurir` (`idKurir`);

--
-- Constraints for table `tbl_detail_order`
--
ALTER TABLE `tbl_detail_order`
  ADD CONSTRAINT `tbl_detail_order_ibfk_1` FOREIGN KEY (`idProduk`) REFERENCES `tbl_produk` (`idProduk`),
  ADD CONSTRAINT `tbl_detail_order_ibfk_2` FOREIGN KEY (`idOrder`) REFERENCES `tbl_order` (`idOrder`);

--
-- Constraints for table `tbl_konfirmasi`
--
ALTER TABLE `tbl_konfirmasi`
  ADD CONSTRAINT `tbl_konfirmasi_ibfk_1` FOREIGN KEY (`idOrder`) REFERENCES `tbl_order` (`idOrder`);

--
-- Constraints for table `tbl_member`
--
ALTER TABLE `tbl_member`
  ADD CONSTRAINT `tbl_member_ibfk_1` FOREIGN KEY (`idKota`) REFERENCES `tbl_kota` (`idKota`);

--
-- Constraints for table `tbl_order`
--
ALTER TABLE `tbl_order`
  ADD CONSTRAINT `tbl_order_ibfk_1` FOREIGN KEY (`idKonsumen`) REFERENCES `tbl_member` (`idKonsumen`);

--
-- Constraints for table `tbl_produk`
--
ALTER TABLE `tbl_produk`
  ADD CONSTRAINT `tbl_produk_ibfk_1` FOREIGN KEY (`idKat`) REFERENCES `tbl_kategori` (`idKat`),
  ADD CONSTRAINT `tbl_produk_ibfk_2` FOREIGN KEY (`idToko`) REFERENCES `tbl_toko` (`idToko`);

--
-- Constraints for table `tbl_saldo`
--
ALTER TABLE `tbl_saldo`
  ADD CONSTRAINT `tbl_saldo_ibfk_1` FOREIGN KEY (`idToko`) REFERENCES `tbl_toko` (`idToko`);

--
-- Constraints for table `tbl_toko`
--
ALTER TABLE `tbl_toko`
  ADD CONSTRAINT `tbl_toko_ibfk_1` FOREIGN KEY (`idKonsumen`) REFERENCES `tbl_member` (`idKonsumen`);
COMMIT;

/*!40101 SET CHARACTER_SET_CLIENT=@OLD_CHARACTER_SET_CLIENT */;
/*!40101 SET CHARACTER_SET_RESULTS=@OLD_CHARACTER_SET_RESULTS */;
/*!40101 SET COLLATION_CONNECTION=@OLD_COLLATION_CONNECTION */;
